YEAR,TOURNAMENT NAME,GROUP,TEAM NAME,TEAM_ID,MATCH PLAYED,WIN,DRAW,LOSS,GF,GA,GD,POINTS,,,,,,,,,
1930,1930 FIFA Men's World Cup,GROUP A,Argentina,T-3,3,3,0,0,10,4,6,6,,,,,,,,,
1930,1930 FIFA Men's World Cup,GROUP A,Chile,T-13,3,2,0,1,5,3,2,4,,,,,,,,,
1930,1930 FIFA Men's World Cup,GROUP A,France,T-28,3,1,0,2,4,3,1,2,,,,,,,,,
1930,1930 FIFA Men's World Cup,GROUP A,Mexico,T-45,3,0,0,3,4,13,-9,0,,,,,,,,,
1930,1930 FIFA Men's World Cup,GROUP B,Uruguay,T-82,2,2,0,0,5,0,5,4,,,,,,,,,
1930,1930 FIFA Men's World Cup,GROUP B,Romania,T-60,2,1,0,1,3,5,-2,2,,,,,,,,,
1930,1930 FIFA Men's World Cup,GROUP B,Peru,T-55,2,0,0,2,1,4,-3,0,,,,,,,,,
1930,1930 FIFA Men's World Cup,GROUP C,Yugoslavia,T-86,2,2,0,0,6,1,5,4,,,,,,,,,
1930,1930 FIFA Men's World Cup,GROUP C,Brazil,T-9,2,1,0,1,5,2,3,2,,,,,,,,,
1930,1930 FIFA Men's World Cup,GROUP C,Bolivia,T-7,2,0,0,2,0,8,-8,0,,,,,,,,,
1930,1930 FIFA Men's World Cup,GROUP D,United States,T-81,2,2,0,0,6,0,6,4,,,,,,,,,
1930,1930 FIFA Men's World Cup,GROUP D,Paraguay,T-54,2,1,0,1,1,3,-2,2,,,,,,,,,
1930,1930 FIFA Men's World Cup,GROUP D,Belgium,T-6,2,0,0,2,0,4,-4,0,,,,,,,,,
1934,1934 FIFA Men's World Cup,GROUP A,Italy,T-40,5,4,1,0,12,3,9,9,,,,,,,,,
1934,1934 FIFA Men's World Cup,GROUP A,Czechoslovakia,T-20,4,3,0,1,9,6,3,6,,,,,,,,,
1934,1934 FIFA Men's World Cup,GROUP A,Germany,T-29,4,3,0,1,11,8,3,6,,,,,,,,,
1934,1934 FIFA Men's World Cup,GROUP A,Austria,T-5,4,2,0,2,7,7,0,4,,,,,,,,,
1934,1934 FIFA Men's World Cup,GROUP A,Spain,T-72,3,1,1,1,4,3,1,3,,,,,,,,,
1934,1934 FIFA Men's World Cup,GROUP A,Hungary,T-34,2,1,0,1,5,4,1,2,,,,,,,,,
1934,1934 FIFA Men's World Cup,GROUP A,Switzerland,T-74,2,1,0,1,5,5,0,2,,,,,,,,,
1934,1934 FIFA Men's World Cup,GROUP A,Sweden,T-73,2,1,0,1,4,4,0,2,,,,,,,,,
1934,1934 FIFA Men's World Cup,GROUP B,Argentina,T-3,1,0,0,1,0,0,0,0,,,,,,,,,
1934,1934 FIFA Men's World Cup,GROUP B,France,T-28,1,0,0,1,0,0,0,0,,,,,,,,,
1934,1934 FIFA Men's World Cup,GROUP B,Netherlands,T-47,1,0,0,1,0,0,0,0,,,,,,,,,
1934,1934 FIFA Men's World Cup,GROUP B,Romania,T-60,1,0,0,1,0,0,0,0,,,,,,,,,
1934,1934 FIFA Men's World Cup,GROUP B,Egypt,T-25,1,0,0,1,0,0,0,0,,,,,,,,,
1934,1934 FIFA Men's World Cup,GROUP B,Brazil,T-9,1,0,0,1,0,0,0,0,,,,,,,,,
1934,1934 FIFA Men's World Cup,GROUP B,Belgium,T-6,1,0,0,1,0,0,0,0,,,,,,,,,
1934,1934 FIFA Men's World Cup,GROUP B,UNITED STATES,T-81,1,0,0,1,0,0,0,0,,,,,,,,,
1938,1938 FIFA Men's World Cup,GROUP A,Italy,T-40,4,4,0,0,11,5,6,8,,,,,,,,,
1938,1938 FIFA Men's World Cup,GROUP A,Hungary,T-34,4,3,0,1,15,5,10,6,,,,,,,,,
1938,1938 FIFA Men's World Cup,GROUP A,Brazil,T-9,5,3,1,1,14,11,3,7,,,,,,,,,
1938,1938 FIFA Men's World Cup,GROUP A,Sweden,T-73,3,1,0,2,11,9,2,2,,,,,,,,,
1938,1938 FIFA Men's World Cup,GROUP A,Czechoslovakia,T-20,3,1,1,1,5,3,2,3,,,,,,,,,
1938,1938 FIFA Men's World Cup,GROUP A,Switzerland,T-74,3,1,1,1,5,5,0,3,,,,,,,,,
1938,1938 FIFA Men's World Cup,GROUP A,Cuba,T-18,3,1,1,1,5,12,-7,3,,,,,,,,,
1938,1938 FIFA Men's World Cup,GROUP A,France,T-28,2,1,0,1,4,4,0,2,,,,,,,,,
1938,1938 FIFA Men's World Cup,GROUP B,Romania,T-60,2,0,1,1,4,5,-1,1,,,,,,,,,
1938,1938 FIFA Men's World Cup,GROUP B,Germany,T-29,2,0,1,1,3,5,-2,1,,,,,,,,,
1938,1938 FIFA Men's World Cup,GROUP B,Poland,T-56,1,0,0,1,5,6,-1,0,,,,,,,,,
1938,1938 FIFA Men's World Cup,GROUP B,Norway,T-52,1,0,0,1,1,2,-1,0,,,,,,,,,
1938,1938 FIFA Men's World Cup,GROUP B,Belgium,T-6,1,0,0,1,1,3,-2,0,,,,,,,,,
1938,1938 FIFA Men's World Cup,GROUP B,Netherlands,T-47,1,0,0,1,0,3,-3,0,,,,,,,,,
1938,1938 FIFA Men's World Cup,GROUP B,Dutch East Indies,T-22,1,0,0,1,0,6,-6,0,,,,,,,,,
1950,1950 FIFA Men's World Cup,GROUP A,Brazil,T-9,3,2,1,0,8,2,6,5,,,,,,,,,
1950,1950 FIFA Men's World Cup,GROUP A,Yugoslavia,T-86,3,2,0,1,7,5,2,4,,,,,,,,,
1950,1950 FIFA Men's World Cup,GROUP A,Switzerland,T-74,3,1,1,1,4,5,-1,3,,,,,,,,,
1950,1950 FIFA Men's World Cup,GROUP A,Mexico,T-45,3,0,0,3,2,9,-7,0,,,,,,,,,
1950,1950 FIFA Men's World Cup,GROUP B,Spain,T-72,3,3,0,0,6,1,5,6,,,,,,,,,
1950,1950 FIFA Men's World Cup,GROUP B,England,T-27,3,1,0,2,2,2,0,2,,,,,,,,,
1950,1950 FIFA Men's World Cup,GROUP B,Chile,T-13,3,1,0,2,5,6,-1,2,,,,,,,,,
1950,1950 FIFA Men's World Cup,GROUP B,UNITED STATES,T-81,3,1,0,2,4,8,-4,2,,,,,,,,,
1950,1950 FIFA Men's World Cup,GROUP C,Sweden,T-73,2,1,1,0,3,2,1,3,,,,,,,,,
1950,1950 FIFA Men's World Cup,GROUP C,Italy,T-40,2,1,0,1,2,3,-1,2,,,,,,,,,
1950,1950 FIFA Men's World Cup,GROUP C,Paraguay,T-54,2,0,1,1,2,2,0,1,,,,,,,,,
1950,1950 FIFA Men's World Cup,GROUP D,Uruguay,T-82,1,1,0,0,8,0,8,2,,,,,,,,,
1950,1950 FIFA Men's World Cup,GROUP D,Bolivia,T-7,1,0,0,1,0,8,-8,0,,,,,,,,,
1954,1954 FIFA Men's World Cup,GROUP A,Brazil,T-9,2,1,1,0,6,1,5,3,,,,,,,,,
1954,1954 FIFA Men's World Cup,GROUP A,Yugoslavia,T-86,2,1,1,0,2,1,1,3,,,,,,,,,
1954,1954 FIFA Men's World Cup,GROUP A,France,T-28,2,1,0,1,3,3,0,2,,,,,,,,,
1954,1954 FIFA Men's World Cup,GROUP A,Mexico,T-45,2,0,0,2,2,8,-6,0,,,,,,,,,
1954,1954 FIFA Men's World Cup,GROUP B,Hungary,T-34,2,2,0,0,17,3,14,4,,,,,,,,,
1954,1954 FIFA Men's World Cup,GROUP B,West Germany,T-85,3,2,0,1,14,11,3,4,,,,,,,,,
1954,1954 FIFA Men's World Cup,GROUP B,Turkey,T-78,3,1,0,2,10,11,-1,2,,,,,,,,,
1954,1954 FIFA Men's World Cup,GROUP B,South Korea,T-70,2,0,0,2,0,16,-16,0,,,,,,,,,
1954,1954 FIFA Men's World Cup,GROUP C,Switzerland,T-74,3,2,0,1,6,4,2,4,,,,,,,,,
1954,1954 FIFA Men's World Cup,GROUP C,England,T-27,2,1,1,0,6,4,2,3,,,,,,,,,
1954,1954 FIFA Men's World Cup,GROUP C,Italy,T-40,3,1,0,2,6,7,-1,2,,,,,,,,,
1954,1954 FIFA Men's World Cup,GROUP C,Belgium,T-6,2,0,1,1,5,8,-3,1,,,,,,,,,
1954,1954 FIFA Men's World Cup,GROUP D,Uruguay,T-82,2,2,0,0,9,0,9,4,,,,,,,,,
1954,1954 FIFA Men's World Cup,GROUP D,Austria,T-5,2,2,0,0,6,0,6,4,,,,,,,,,
1954,1954 FIFA Men's World Cup,GROUP D,Czechoslovakia,T-20,2,0,0,2,0,7,-7,0,,,,,,,,,
1954,1954 FIFA Men's World Cup,GROUP D,Scotland,T-63,2,0,0,2,0,8,-8,0,,,,,,,,,
1958,1958 FIFA Men's World Cup,GROUP A,West Germany,T-85,3,1,2,0,7,6,1,4,,,,,,,,,
1958,1958 FIFA Men's World Cup,GROUP A,Northern Ireland,T-51,3,1,2,0,6,5,1,4,,,,,,,,,
1958,1958 FIFA Men's World Cup,GROUP A,Argentina,T-3,3,1,1,1,5,5,0,3,,,,,,,,,
1958,1958 FIFA Men's World Cup,GROUP A,Czechoslovakia,T-20,3,0,1,2,5,7,-2,1,,,,,,,,,
1958,1958 FIFA Men's World Cup,GROUP B,Sweden,T-73,3,2,1,0,5,2,3,5,,,,,,,,,
1958,1958 FIFA Men's World Cup,GROUP B,Wales,T-84,3,0,3,0,2,2,0,3,,,,,,,,,
1958,1958 FIFA Men's World Cup,GROUP B,Hungary,T-34,3,1,1,1,6,5,1,3,,,,,,,,,
1958,1958 FIFA Men's World Cup,GROUP B,Mexico,T-45,3,0,1,2,3,7,-4,1,,,,,,,,,
1958,1958 FIFA Men's World Cup,GROUP C,France,T-28,3,2,0,1,11,7,4,4,,,,,,,,,
1958,1958 FIFA Men's World Cup,GROUP C,Yugoslavia,T-86,3,1,2,0,7,6,1,4,,,,,,,,,
1958,1958 FIFA Men's World Cup,GROUP C,Scotland,T-63,3,0,2,1,4,6,-2,2,,,,,,,,,
1958,1958 FIFA Men's World Cup,GROUP C,Paraguay,T-54,3,1,0,2,6,9,-3,2,,,,,,,,,
1958,1958 FIFA Men's World Cup,GROUP D,Brazil,T-9,3,2,1,0,5,0,5,5,,,,,,,,,
1958,1958 FIFA Men's World Cup,GROUP D,Soviet Union,T-71,3,1,1,1,4,4,0,3,,,,,,,,,
1958,1958 FIFA Men's World Cup,GROUP D,England,T-27,3,0,2,1,4,6,-2,2,,,,,,,,,
1958,1958 FIFA Men's World Cup,GROUP D,Austria,T-5,3,0,2,1,2,5,-3,2,,,,,,,,,
1962,1962 FIFA Men's World Cup,GROUP A,USSR,T-83,3,2,1,0,8,5,3,5,,,,,,,,,
1962,1962 FIFA Men's World Cup,GROUP A,Yugoslavia,T-86,3,2,0,1,8,3,5,4,,,,,,,,,
1962,1962 FIFA Men's World Cup,GROUP A,Uruguay,T-82,3,1,0,2,4,6,-2,2,,,,,,,,,
1962,1962 FIFA Men's World Cup,GROUP A,Colombia,T-15,3,0,1,2,5,11,-6,1,,,,,,,,,
1962,1962 FIFA Men's World Cup,GROUP B,West Germany,T-85,3,2,1,0,4,1,3,5,,,,,,,,,
1962,1962 FIFA Men's World Cup,GROUP B,Chile,T-13,3,2,0,1,5,3,2,4,,,,,,,,,
1962,1962 FIFA Men's World Cup,GROUP B,Italy,T-40,3,1,1,1,3,2,1,3,,,,,,,,,
1962,1962 FIFA Men's World Cup,GROUP B,Switzerland,T-74,3,0,0,3,2,8,-6,0,,,,,,,,,
1962,1962 FIFA Men's World Cup,GROUP C,Hungary,T-34,3,2,1,0,8,2,6,5,,,,,,,,,
1962,1962 FIFA Men's World Cup,GROUP C,England,T-27,3,1,1,1,4,3,1,3,,,,,,,,,
1962,1962 FIFA Men's World Cup,GROUP C,Argentina,T-3,3,1,1,1,2,3,-1,3,,,,,,,,,
1962,1962 FIFA Men's World Cup,GROUP C,Bulgaria,T-10,3,0,1,2,1,7,-6,1,,,,,,,,,
1962,1962 FIFA Men's World Cup,GROUP D,Brazil,T-9,3,2,1,0,4,1,3,5,,,,,,,,,
1962,1962 FIFA Men's World Cup,GROUP D,Czechoslovakia,T-20,3,1,2,0,3,2,1,4,,,,,,,,,
1962,1962 FIFA Men's World Cup,GROUP D,Mexico,T-45,3,1,0,2,3,4,-1,2,,,,,,,,,
1962,1962 FIFA Men's World Cup,GROUP D,Spain,T-72,3,0,1,2,1,4,-3,1,,,,,,,,,
1966,1966 FIFA Men's World Cup,GROUP A,England,T-27,3,2,1,0,4,0,4,5,,,,,,,,,
1966,1966 FIFA Men's World Cup,GROUP A,Uruguay,T-82,3,1,2,0,2,1,1,4,,,,,,,,,
1966,1966 FIFA Men's World Cup,GROUP A,Mexico,T-45,3,0,2,1,1,3,-2,2,,,,,,,,,
1966,1966 FIFA Men's World Cup,GROUP A,France,T-28,3,0,1,2,2,5,-3,1,,,,,,,,,
1966,1966 FIFA Men's World Cup,GROUP B,West Germany,T-85,3,2,1,0,7,1,6,5,,,,,,,,,
1966,1966 FIFA Men's World Cup,GROUP B,Argentina,T-3,3,2,1,0,4,1,3,5,,,,,,,,,
1966,1966 FIFA Men's World Cup,GROUP B,Spain,T-72,3,1,0,2,4,5,-1,2,,,,,,,,,
1966,1966 FIFA Men's World Cup,GROUP B,Switzerland,T-74,3,0,0,3,1,9,-8,0,,,,,,,,,
1966,1966 FIFA Men's World Cup,GROUP C,Portugal,T-57,3,3,0,0,9,2,7,6,,,,,,,,,
1966,1966 FIFA Men's World Cup,GROUP C,Hungary,T-34,3,2,0,1,7,5,2,4,,,,,,,,,
1966,1966 FIFA Men's World Cup,GROUP C,Brazil,T-9,3,1,0,2,4,6,-2,2,,,,,,,,,
1966,1966 FIFA Men's World Cup,GROUP C,Bulgaria,T-10,3,0,0,3,1,8,-7,0,,,,,,,,,
1966,1966 FIFA Men's World Cup,GROUP D,Soviet Union,T-71,3,3,0,0,6,1,5,6,,,,,,,,,
1966,1966 FIFA Men's World Cup,GROUP D,North Korea,T-50,3,1,1,1,2,4,-2,3,,,,,,,,,
1966,1966 FIFA Men's World Cup,GROUP D,Italy,T-40,3,1,0,2,2,2,0,2,,,,,,,,,
1966,1966 FIFA Men's World Cup,GROUP D,Chile,T-13,3,0,1,2,2,5,-3,1,,,,,,,,,
1970,1970 FIFA Men's World Cup,GROUP A,West Germany,T-85,3,3,0,0,10,4,6,6,,,,,,,,,
1970,1970 FIFA Men's World Cup,GROUP A,Peru,T-55,3,2,0,1,7,5,2,4,,,,,,,,,
1970,1970 FIFA Men's World Cup,GROUP A,Bulgaria,T-10,3,0,1,2,5,9,-4,1,,,,,,,,,
1970,1970 FIFA Men's World Cup,GROUP A,Morocco,T-46,3,0,1,2,2,6,-4,1,,,,,,,,,
1970,1970 FIFA Men's World Cup,GROUP B,Soviet Union,T-71,3,2,1,0,6,1,5,5,,,,,,,,,
1970,1970 FIFA Men's World Cup,GROUP B,Mexico,T-45,3,2,1,0,5,0,5,5,,,,,,,,,
1970,1970 FIFA Men's World Cup,GROUP B,Belgium,T-6,3,1,0,2,4,5,-1,2,,,,,,,,,
1970,1970 FIFA Men's World Cup,GROUP B,El Salvador,T-26,3,0,0,3,0,9,-9,0,,,,,,,,,
1970,1970 FIFA Men's World Cup,GROUP C,Brazil,T-9,3,3,0,0,8,3,5,6,,,,,,,,,
1970,1970 FIFA Men's World Cup,GROUP C,England,T-27,3,2,0,1,2,1,1,4,,,,,,,,,
1970,1970 FIFA Men's World Cup,GROUP C,Romania,T-60,3,1,0,2,4,5,-1,2,,,,,,,,,
1970,1970 FIFA Men's World Cup,GROUP C,Czechoslovakia,T-20,3,0,0,3,2,7,-5,0,,,,,,,,,
1970,1970 FIFA Men's World Cup,GROUP D,Italy,T-40,3,1,2,0,1,0,1,4,,,,,,,,,
1970,1970 FIFA Men's World Cup,GROUP D,Uruguay,T-82,3,1,1,1,2,1,1,3,,,,,,,,,
1970,1970 FIFA Men's World Cup,GROUP D,Sweden,T-73,3,1,1,1,2,2,0,3,,,,,,,,,
1970,1970 FIFA Men's World Cup,GROUP D,Israel,T-39,3,0,2,1,1,3,-2,2,,,,,,,,,
1974,1974 FIFA Men's World Cup,GROUP A,East Germany,T-23,3,2,1,0,4,1,3,5,,,,,,,,,
1974,1974 FIFA Men's World Cup,GROUP A,West Germany,T-85,3,2,0,1,4,1,3,4,,,,,,,,,
1974,1974 FIFA Men's World Cup,GROUP A,Chile,T-13,3,0,2,1,1,2,-1,2,,,,,,,,,
1974,1974 FIFA Men's World Cup,GROUP A,Australia,T-4,3,0,1,2,0,5,-5,1,,,,,,,,,
1974,1974 FIFA Men's World Cup,GROUP B,Yugoslavia,T-86,3,1,2,0,10,1,9,4,,,,,,,,,
1974,1974 FIFA Men's World Cup,GROUP B,Brazil,T-9,3,1,2,0,3,0,3,4,,,,,,,,,
1974,1974 FIFA Men's World Cup,GROUP B,Scotland,T-63,3,1,2,0,3,1,2,4,,,,,,,,,
1974,1974 FIFA Men's World Cup,GROUP B,Zaire,T-87,3,0,0,3,0,14,-14,0,,,,,,,,,
1974,1974 FIFA Men's World Cup,GROUP C,Netherlands,T-47,3,2,1,0,6,1,5,5,,,,,,,,,
1974,1974 FIFA Men's World Cup,GROUP C,Sweden,T-73,3,1,2,0,3,0,3,4,,,,,,,,,
1974,1974 FIFA Men's World Cup,GROUP C,Bulgaria,T-10,3,0,2,1,2,5,-3,2,,,,,,,,,
1974,1974 FIFA Men's World Cup,GROUP C,Uruguay,T-82,3,0,1,2,1,6,-5,1,,,,,,,,,
1974,1974 FIFA Men's World Cup,GROUP D,Poland,T-56,3,3,0,0,12,3,9,6,,,,,,,,,
1974,1974 FIFA Men's World Cup,GROUP D,Argentina,T-3,3,1,1,1,7,5,2,3,,,,,,,,,
1974,1974 FIFA Men's World Cup,GROUP D,Italy,T-40,3,1,1,1,5,4,1,3,,,,,,,,,
1974,1974 FIFA Men's World Cup,GROUP D,Haiti,T-32,3,0,0,3,2,14,-12,0,,,,,,,,,
1978,1978 FIFA Men's World Cup,GROUP A,Peru,T-55,3,2,1,0,7,2,5,5,,,,,,,,,
1978,1978 FIFA Men's World Cup,GROUP A,Netherlands,T-47,3,1,1,1,5,3,2,3,,,,,,,,,
1978,1978 FIFA Men's World Cup,GROUP A,Scotland,T-63,3,1,1,1,5,6,-1,3,,,,,,,,,
1978,1978 FIFA Men's World Cup,GROUP A,Iran,T-36,3,0,1,2,2,8,-6,1,,,,,,,,,
1978,1978 FIFA Men's World Cup,GROUP B,Italy,T-40,3,3,0,0,6,2,4,6,,,,,,,,,
1978,1978 FIFA Men's World Cup,GROUP B,Argentina,T-3,3,2,0,1,4,3,1,4,,,,,,,,,
1978,1978 FIFA Men's World Cup,GROUP B,France,T-28,3,1,0,2,5,5,0,2,,,,,,,,,
1978,1978 FIFA Men's World Cup,GROUP B,Hungary,T-34,3,0,0,3,3,8,-5,0,,,,,,,,,
1978,1978 FIFA Men's World Cup,GROUP C,Poland,T-56,3,2,1,0,4,1,3,5,,,,,,,,,
1978,1978 FIFA Men's World Cup,GROUP C,West Germany,T-85,3,1,2,0,6,0,6,4,,,,,,,,,
1978,1978 FIFA Men's World Cup,GROUP C,Tunisia,T-77,3,1,1,1,3,2,1,3,,,,,,,,,
1978,1978 FIFA Men's World Cup,GROUP C,Mexico,T-45,3,0,0,3,2,12,-10,0,,,,,,,,,
1978,1978 FIFA Men's World Cup,GROUP D,Austria,T-5,3,2,0,1,3,2,1,4,,,,,,,,,
1978,1978 FIFA Men's World Cup,GROUP D,Brazil,T-9,3,1,2,0,2,1,1,4,,,,,,,,,
1978,1978 FIFA Men's World Cup,GROUP D,Spain,T-72,3,1,1,1,2,2,0,3,,,,,,,,,
1978,1978 FIFA Men's World Cup,GROUP D,Sweden,T-73,3,0,1,2,1,3,-2,1,,,,,,,,,
1982,1982 FIFA Men's World Cup,GROUP A,Brazil,T-9,3,3,0,0,10,2,8,6,,,,,,,,,
1982,1982 FIFA Men's World Cup,GROUP A,Soviet Union,T-71,3,1,1,1,6,4,2,3,,,,,,,,,
1982,1982 FIFA Men's World Cup,GROUP A,Scotland,T-63,3,1,1,1,8,8,0,3,,,,,,,,,
1982,1982 FIFA Men's World Cup,GROUP A,New Zealand,T-48,3,0,0,3,2,12,-10,0,,,,,,,,,
1982,1982 FIFA Men's World Cup,GROUP B,England,T-27,3,3,0,0,6,1,5,6,,,,,,,,,
1982,1982 FIFA Men's World Cup,GROUP B,France,T-28,3,1,1,1,3,2,1,3,,,,,,,,,
1982,1982 FIFA Men's World Cup,GROUP B,Czechoslovakia,T-20,3,0,2,1,2,3,-1,2,,,,,,,,,
1982,1982 FIFA Men's World Cup,GROUP B,Kuwait,T-44,3,0,1,2,2,7,-5,1,,,,,,,,,
1982,1982 FIFA Men's World Cup,GROUP C,Belgium,T-6,3,2,0,1,3,2,1,4,,,,,,,,,
1982,1982 FIFA Men's World Cup,GROUP C,Argentina,T-3,3,2,0,1,6,2,4,4,,,,,,,,,
1982,1982 FIFA Men's World Cup,GROUP C,Hungary,T-34,3,1,0,2,12,6,6,2,,,,,,,,,
1982,1982 FIFA Men's World Cup,GROUP C,El Salvador,T-26,3,0,0,3,1,12,-11,0,,,,,,,,,
1982,1982 FIFA Men's World Cup,GROUP D,West Germany,T-85,3,2,0,1,6,3,3,4,,,,,,,,,
1982,1982 FIFA Men's World Cup,GROUP D,Austria,T-5,3,2,0,1,3,3,0,4,,,,,,,,,
1982,1982 FIFA Men's World Cup,GROUP D,Algeria,T-1,3,2,0,1,5,5,0,4,,,,,,,,,
1982,1982 FIFA Men's World Cup,GROUP D,Chile,T-13,3,0,0,3,3,6,-3,0,,,,,,,,,
1982,1982 FIFA Men's World Cup,GROUP E,Northern Ireland,T-51,3,1,2,0,2,1,1,4,,,,,,,,,
1982,1982 FIFA Men's World Cup,GROUP E,Spain,T-72,3,1,1,1,3,3,0,3,,,,,,,,,
1982,1982 FIFA Men's World Cup,GROUP E,Yugoslavia,T-86,3,1,1,1,2,2,0,3,,,,,,,,,
1982,1982 FIFA Men's World Cup,GROUP E,Honduras,T-33,3,0,2,1,2,3,-1,2,,,,,,,,,
1982,1982 FIFA Men's World Cup,GROUP F,Poland,T-56,3,1,2,0,5,1,4,4,,,,,,,,,
1982,1982 FIFA Men's World Cup,GROUP F,Italy,T-40,3,0,3,0,2,2,0,3,,,,,,,,,
1982,1982 FIFA Men's World Cup,GROUP F,Cameroon,T-11,3,0,3,0,1,1,0,3,,,,,,,,,
1982,1982 FIFA Men's World Cup,GROUP F,Peru,T-55,3,0,2,1,2,6,-4,2,,,,,,,,,
1986,1986 FIFA Men's World Cup,GROUP A,Denmark,T-21,3,3,0,0,9,1,8,6,,,,,,,,,
1986,1986 FIFA Men's World Cup,GROUP A,West Germany,T-85,3,1,1,1,3,4,-1,3,,,,,,,,,
1986,1986 FIFA Men's World Cup,GROUP A,Uruguay,T-82,3,0,2,1,2,7,-5,2,,,,,,,,,
1986,1986 FIFA Men's World Cup,GROUP A,Scotland,T-63,3,0,1,2,1,3,-2,1,,,,,,,,,
1986,1986 FIFA Men's World Cup,GROUP B,Argentina,T-3,3,2,1,0,6,2,4,5,,,,,,,,,
1986,1986 FIFA Men's World Cup,GROUP B,Italy,T-40,3,1,2,0,3,2,1,4,,,,,,,,,
1986,1986 FIFA Men's World Cup,GROUP B,Bulgaria,T-10,3,0,2,1,2,3,-1,2,,,,,,,,,
1986,1986 FIFA Men's World Cup,GROUP B,South Korea,T-70,3,0,1,2,4,8,-4,1,,,,,,,,,
1986,1986 FIFA Men's World Cup,GROUP C,Morocco,T-46,3,1,2,0,3,1,2,4,,,,,,,,,
1986,1986 FIFA Men's World Cup,GROUP C,England,T-27,3,1,1,1,3,1,2,3,,,,,,,,,
1986,1986 FIFA Men's World Cup,GROUP C,Poland,T-56,3,1,1,1,1,3,-2,3,,,,,,,,,
1986,1986 FIFA Men's World Cup,GROUP C,Portugal,T-57,3,1,0,2,2,4,-2,2,,,,,,,,,
1986,1986 FIFA Men's World Cup,GROUP D,Brazil,T-9,3,3,0,0,5,0,5,6,,,,,,,,,
1986,1986 FIFA Men's World Cup,GROUP D,Spain,T-72,3,2,0,1,5,2,3,4,,,,,,,,,
1986,1986 FIFA Men's World Cup,GROUP D,Northern Ireland,T-51,3,0,1,2,2,6,-4,1,,,,,,,,,
1986,1986 FIFA Men's World Cup,GROUP D,Algeria,T-1,3,0,1,2,1,5,-4,1,,,,,,,,,
1986,1986 FIFA Men's World Cup,GROUP E,Mexico,T-45,3,2,1,0,4,2,2,5,,,,,,,,,
1986,1986 FIFA Men's World Cup,GROUP E,Paraguay,T-54,3,1,2,0,5,3,2,4,,,,,,,,,
1986,1986 FIFA Men's World Cup,GROUP E,Belgium,T-6,3,1,1,1,5,5,0,3,,,,,,,,,
1986,1986 FIFA Men's World Cup,GROUP E,Iraq,T-37,3,0,0,3,1,5,-4,0,,,,,,,,,
1986,1986 FIFA Men's World Cup,GROUP F,Soviet Union,T-71,3,2,1,0,9,1,8,5,,,,,,,,,
1986,1986 FIFA Men's World Cup,GROUP F,France,T-28,3,2,1,0,5,1,4,5,,,,,,,,,
1986,1986 FIFA Men's World Cup,GROUP F,Hungary,T-34,3,1,0,2,2,9,-7,2,,,,,,,,,
1986,1986 FIFA Men's World Cup,GROUP F,Canada,T-12,3,0,0,3,0,5,-5,0,,,,,,,,,
1990,1990 FIFA Men's World Cup,GROUP A,Italy,T-40,3,3,0,0,4,0,4,6,,,,,,,,,
1990,1990 FIFA Men's World Cup,GROUP A,Czechoslovakia,T-20,3,2,0,1,5,2,3,4,,,,,,,,,
1990,1990 FIFA Men's World Cup,GROUP A,Austria,T-5,3,1,0,2,2,3,-1,2,,,,,,,,,
1990,1990 FIFA Men's World Cup,GROUP A,United States,T-81,3,0,0,3,2,8,-6,0,,,,,,,,,
1990,1990 FIFA Men's World Cup,GROUP B,Cameroon,T-11,3,2,0,1,3,2,1,4,,,,,,,,,
1990,1990 FIFA Men's World Cup,GROUP B,Romania,T-60,3,1,1,1,2,2,0,3,,,,,,,,,
1990,1990 FIFA Men's World Cup,GROUP B,Argentina,T-3,3,1,1,1,2,2,0,3,,,,,,,,,
1990,1990 FIFA Men's World Cup,GROUP B,Soviet Union,T-71,3,1,0,2,4,5,-1,2,,,,,,,,,
1990,1990 FIFA Men's World Cup,GROUP C,Brazil,T-9,3,3,0,0,4,0,4,6,,,,,,,,,
1990,1990 FIFA Men's World Cup,GROUP C,Costa Rica,T-16,3,2,0,1,3,2,1,4,,,,,,,,,
1990,1990 FIFA Men's World Cup,GROUP C,Scotland,T-63,3,1,0,2,2,3,-1,2,,,,,,,,,
1990,1990 FIFA Men's World Cup,GROUP C,Sweden,T-73,3,0,0,3,3,7,-4,0,,,,,,,,,
1990,1990 FIFA Men's World Cup,GROUP D,West Germany,T-85,3,2,1,0,10,3,7,5,,,,,,,,,
1990,1990 FIFA Men's World Cup,GROUP D,Yugoslavia,T-86,3,2,0,1,4,3,1,4,,,,,,,,,
1990,1990 FIFA Men's World Cup,GROUP D,Colombia,T-15,3,1,0,2,4,4,0,2,,,,,,,,,
1990,1990 FIFA Men's World Cup,GROUP D,United Arab Emirates,T-80,3,0,0,3,2,10,-8,0,,,,,,,,,
1990,1990 FIFA Men's World Cup,GROUP E,Spain,T-72,3,2,1,0,4,1,3,5,,,,,,,,,
1990,1990 FIFA Men's World Cup,GROUP E,Belgium,T-6,3,2,0,1,4,3,1,4,,,,,,,,,
1990,1990 FIFA Men's World Cup,GROUP E,Uruguay,T-82,3,1,1,1,2,3,-1,3,,,,,,,,,
1990,1990 FIFA Men's World Cup,GROUP E,South Korea,T-70,3,0,0,3,1,4,-3,0,,,,,,,,,
1990,1990 FIFA Men's World Cup,GROUP F,England,T-27,3,1,2,0,2,1,1,4,,,,,,,,,
1990,1990 FIFA Men's World Cup,GROUP F,Republic of Ireland,T-59,3,0,3,0,2,2,0,3,,,,,,,,,
1990,1990 FIFA Men's World Cup,GROUP F,Netherlands,T-47,3,0,3,0,2,2,0,3,,,,,,,,,
1990,1990 FIFA Men's World Cup,GROUP F,Egypt,T-25,3,0,2,1,1,2,-1,2,,,,,,,,,
1994,1994 FIFA Men's World Cup,GROUP A,Mexico,T-45,3,1,1,1,3,3,0,4,,,,,,,,,
1994,1994 FIFA Men's World Cup,GROUP A,Ireland,T-38,3,1,1,1,2,2,0,4,,,,,,,,,
1994,1994 FIFA Men's World Cup,GROUP A,Italy,T-40,3,1,1,1,2,2,0,4,,,,,,,,,
1994,1994 FIFA Men's World Cup,GROUP A,Norway,T-52,3,1,1,1,1,1,0,4,,,,,,,,,
1994,1994 FIFA Men's World Cup,GROUP B,Brazil,T-9,3,2,1,0,6,1,5,7,,,,,,,,,
1994,1994 FIFA Men's World Cup,GROUP B,Sweden,T-73,3,1,2,0,4,3,1,5,,,,,,,,,
1994,1994 FIFA Men's World Cup,GROUP B,Russia,T-61,3,1,0,2,7,6,1,3,,,,,,,,,
1994,1994 FIFA Men's World Cup,GROUP B,Cameroon,T-11,3,0,1,2,3,9,-6,1,,,,,,,,,
1994,1994 FIFA Men's World Cup,GROUP C,Romania,T-60,3,2,0,1,5,3,2,6,,,,,,,,,
1994,1994 FIFA Men's World Cup,GROUP C,Switzerland,T-74,3,1,1,1,5,4,1,4,,,,,,,,,
1994,1994 FIFA Men's World Cup,GROUP C,UNITED STATES,T-81,3,1,1,1,3,3,0,4,,,,,,,,,
1994,1994 FIFA Men's World Cup,GROUP C,Colombia,T-15,3,1,0,2,4,7,-3,3,,,,,,,,,
1994,1994 FIFA Men's World Cup,GROUP D,Nigeria,T-49,3,2,0,1,6,3,3,6,,,,,,,,,
1994,1994 FIFA Men's World Cup,GROUP D,Bulgaria,T-10,3,2,0,1,6,3,3,6,,,,,,,,,
1994,1994 FIFA Men's World Cup,GROUP D,Argentina,T-3,3,2,0,1,6,5,1,6,,,,,,,,,
1994,1994 FIFA Men's World Cup,GROUP D,Greece,T-31,3,0,0,3,0,7,-7,0,,,,,,,,,
1994,1994 FIFA Men's World Cup,GROUP E,Netherlands,T-47,3,2,0,1,6,4,2,6,,,,,,,,,
1994,1994 FIFA Men's World Cup,GROUP E,Saudi Arabia,T-62,3,2,0,1,4,3,1,6,,,,,,,,,
1994,1994 FIFA Men's World Cup,GROUP E,Belgium,T-6,3,2,0,1,4,2,2,6,,,,,,,,,
1994,1994 FIFA Men's World Cup,GROUP E,Morocco,T-46,3,0,0,3,2,7,-5,0,,,,,,,,,
1994,1994 FIFA Men's World Cup,GROUP F,Germany,T-29,3,2,1,0,5,3,2,7,,,,,,,,,
1994,1994 FIFA Men's World Cup,GROUP F,Spain,T-72,3,1,2,0,4,3,1,5,,,,,,,,,
1994,1994 FIFA Men's World Cup,GROUP F,South Korea,T-70,3,0,2,1,4,5,-1,2,,,,,,,,,
1994,1994 FIFA Men's World Cup,GROUP F,Bolivia,T-7,3,0,1,2,1,3,-2,1,,,,,,,,,
1998,1998 FIFA Men's World Cup,GROUP A,Nigeria,T-49,3,2,0,1,5,5,0,6,,,,,,,,,
1998,1998 FIFA Men's World Cup,GROUP A,Paraguay,T-54,3,1,2,0,3,2,1,5,,,,,,,,,
1998,1998 FIFA Men's World Cup,GROUP A,Spain,T-72,3,1,1,1,4,4,0,4,,,,,,,,,
1998,1998 FIFA Men's World Cup,GROUP A,Bulgaria,T-10,3,0,1,2,1,7,-6,1,,,,,,,,,
1998,1998 FIFA Men's World Cup,GROUP B,Brazil,T-9,3,2,0,1,6,3,3,6,,,,,,,,,
1998,1998 FIFA Men's World Cup,GROUP B,Norway,T-52,3,1,2,0,5,4,1,5,,,,,,,,,
1998,1998 FIFA Men's World Cup,GROUP B,Morocco,T-46,3,1,1,1,5,5,0,4,,,,,,,,,
1998,1998 FIFA Men's World Cup,GROUP B,Scotland,T-63,3,0,1,2,2,6,-4,1,,,,,,,,,
1998,1998 FIFA Men's World Cup,GROUP C,Italy,T-40,3,2,1,0,7,3,4,7,,,,,,,,,
1998,1998 FIFA Men's World Cup,GROUP C,Chile,T-13,3,0,3,0,4,4,0,3,,,,,,,,,
1998,1998 FIFA Men's World Cup,GROUP C,Austria,T-5,3,0,2,1,2,3,-1,2,,,,,,,,,
1998,1998 FIFA Men's World Cup,GROUP C,Cameroon,T-11,3,0,2,1,2,5,-3,2,,,,,,,,,
1998,1998 FIFA Men's World Cup,GROUP D,Netherlands,T-47,3,2,1,0,7,2,5,7,,,,,,,,,
1998,1998 FIFA Men's World Cup,GROUP D,Mexico,T-45,3,1,2,0,7,6,1,5,,,,,,,,,
1998,1998 FIFA Men's World Cup,GROUP D,Belgium,T-6,3,0,3,0,2,2,0,3,,,,,,,,,
1998,1998 FIFA Men's World Cup,GROUP D,South Korea,T-70,3,0,0,3,1,7,-6,0,,,,,,,,,
1998,1998 FIFA Men's World Cup,GROUP E,Romania,T-60,3,2,1,0,4,2,2,7,,,,,,,,,
1998,1998 FIFA Men's World Cup,GROUP E,England,T-27,3,2,0,1,4,2,2,6,,,,,,,,,
1998,1998 FIFA Men's World Cup,GROUP E,Colombia,T-15,3,1,0,2,1,3,-2,3,,,,,,,,,
1998,1998 FIFA Men's World Cup,GROUP E,Tunisia,T-77,3,0,1,2,1,3,-2,1,,,,,,,,,
1998,1998 FIFA Men's World Cup,GROUP F,Germany,T-29,3,2,1,0,6,3,3,7,,,,,,,,,
1998,1998 FIFA Men's World Cup,GROUP F,Yugoslavia,T-86,3,1,2,0,4,3,1,5,,,,,,,,,
1998,1998 FIFA Men's World Cup,GROUP F,Iran,T-36,3,1,0,2,2,6,-4,3,,,,,,,,,
1998,1998 FIFA Men's World Cup,GROUP F,UNITED STATES,T-81,3,0,1,2,1,4,-3,1,,,,,,,,,
1998,1998 FIFA Men's World Cup,GROUP G,France,T-28,3,3,0,0,9,1,8,9,,,,,,,,,
1998,1998 FIFA Men's World Cup,GROUP G,Denmark,T-21,3,2,0,1,5,4,1,6,,,,,,,,,
1998,1998 FIFA Men's World Cup,GROUP G,South Africa,T-69,3,0,1,2,3,7,-4,1,,,,,,,,,
1998,1998 FIFA Men's World Cup,GROUP G,Saudi Arabia,T-62,3,0,1,2,2,7,-5,1,,,,,,,,,
1998,1998 FIFA Men's World Cup,GROUP H,Argentina,T-3,3,3,0,0,7,0,7,9,,,,,,,,,
1998,1998 FIFA Men's World Cup,GROUP H,Croatia,T-17,3,2,0,1,4,2,2,6,,,,,,,,,
1998,1998 FIFA Men's World Cup,GROUP H,Jamaica,T-42,3,1,0,2,3,9,-6,3,,,,,,,,,
1998,1998 FIFA Men's World Cup,GROUP H,Japan,T-43,3,0,0,3,1,4,-3,0,,,,,,,,,
2002,2002 FIFA Men's World Cup,GROUP A,Denmark,T-21,3,2,1,0,5,2,3,7,,,,,,,,,
2002,2002 FIFA Men's World Cup,GROUP A,Senegal,T-64,3,1,2,0,5,4,1,5,,,,,,,,,
2002,2002 FIFA Men's World Cup,GROUP A,Uruguay,T-82,3,0,2,1,4,5,-1,2,,,,,,,,,
2002,2002 FIFA Men's World Cup,GROUP A,France,T-28,3,0,1,2,0,3,-3,1,,,,,,,,,
2002,2002 FIFA Men's World Cup,GROUP B,Spain,T-72,3,3,0,0,9,4,5,9,,,,,,,,,
2002,2002 FIFA Men's World Cup,GROUP B,Paraguay,T-54,3,1,1,1,4,4,0,4,,,,,,,,,
2002,2002 FIFA Men's World Cup,GROUP B,South Africa,T-69,3,1,1,1,5,5,0,4,,,,,,,,,
2002,2002 FIFA Men's World Cup,GROUP B,Slovenia,T-68,3,0,0,3,2,7,-5,0,,,,,,,,,
2002,2002 FIFA Men's World Cup,GROUP C,Brazil,T-9,3,3,0,0,11,3,8,9,,,,,,,,,
2002,2002 FIFA Men's World Cup,GROUP C,Turkey,T-78,3,1,1,1,5,3,2,4,,,,,,,,,
2002,2002 FIFA Men's World Cup,GROUP C,Costa Rica,T-16,3,1,1,1,5,6,-1,4,,,,,,,,,
2002,2002 FIFA Men's World Cup,GROUP C,China,T-14,3,0,0,3,0,9,-9,0,,,,,,,,,
2002,2002 FIFA Men's World Cup,GROUP D,South Korea,T-70,3,2,1,0,4,1,3,7,,,,,,,,,
2002,2002 FIFA Men's World Cup,GROUP D,United States,T-81,3,1,1,1,5,6,-1,4,,,,,,,,,
2002,2002 FIFA Men's World Cup,GROUP D,Portugal,T-57,3,1,0,2,6,4,2,3,,,,,,,,,
2002,2002 FIFA Men's World Cup,GROUP D,Poland,T-56,3,1,0,2,3,7,-4,3,,,,,,,,,
2002,2002 FIFA Men's World Cup,GROUP E,Germany,T-29,3,2,1,0,11,1,10,7,,,,,,,,,
2002,2002 FIFA Men's World Cup,GROUP E,Republic of Ireland,T-59,3,1,2,0,5,4,1,5,,,,,,,,,
2002,2002 FIFA Men's World Cup,GROUP E,Cameroon,T-11,3,1,1,1,3,3,0,4,,,,,,,,,
2002,2002 FIFA Men's World Cup,GROUP E,Saudi Arabia,T-62,3,0,0,3,0,12,-12,0,,,,,,,,,
2002,2002 FIFA Men's World Cup,GROUP F,Sweden,T-73,3,1,2,0,4,3,1,5,,,,,,,,,
2002,2002 FIFA Men's World Cup,GROUP F,England,T-27,3,1,2,0,2,1,1,5,,,,,,,,,
2002,2002 FIFA Men's World Cup,GROUP F,Argentina,T-3,3,1,1,1,2,2,0,4,,,,,,,,,
2002,2002 FIFA Men's World Cup,GROUP F,Nigeria,T-49,3,0,1,2,1,3,-2,1,,,,,,,,,
2002,2002 FIFA Men's World Cup,GROUP G,Mexico,T-45,3,2,1,0,4,2,2,7,,,,,,,,,
2002,2002 FIFA Men's World Cup,GROUP G,Italy,T-40,3,1,1,1,4,3,1,4,,,,,,,,,
2002,2002 FIFA Men's World Cup,GROUP G,Croatia,T-17,3,1,0,2,2,4,-2,3,,,,,,,,,
2002,2002 FIFA Men's World Cup,GROUP G,Ecuador,T-24,3,1,0,2,2,5,-3,3,,,,,,,,,
2002,2002 FIFA Men's World Cup,GROUP H,Japan,T-43,3,2,1,0,5,2,3,7,,,,,,,,,
2002,2002 FIFA Men's World Cup,GROUP H,Belgium,T-6,3,1,2,0,6,5,1,5,,,,,,,,,
2002,2002 FIFA Men's World Cup,GROUP H,Russia,T-61,3,1,0,2,4,4,0,3,,,,,,,,,
2002,2002 FIFA Men's World Cup,GROUP H,Tunisia,T-77,3,0,1,2,1,5,-4,1,,,,,,,,,
2006,2006 FIFA Men's World Cup,GROUP A,Germany,T-29,3,3,0,0,8,2,6,9,,,,,,,,,
2006,2006 FIFA Men's World Cup,GROUP A,Ecuador,T-24,3,2,0,1,5,3,2,6,,,,,,,,,
2006,2006 FIFA Men's World Cup,GROUP A,Poland,T-56,3,1,0,2,2,2,0,3,,,,,,,,,
2006,2006 FIFA Men's World Cup,GROUP A,Costa Rica,T-16,3,0,0,3,3,11,-8,0,,,,,,,,,
2006,2006 FIFA Men's World Cup,GROUP B,England,T-27,3,2,1,0,5,2,3,7,,,,,,,,,
2006,2006 FIFA Men's World Cup,GROUP B,Sweden,T-73,3,1,2,0,3,2,1,5,,,,,,,,,
2006,2006 FIFA Men's World Cup,GROUP B,Paraguay,T-54,3,1,0,2,2,2,0,3,,,,,,,,,
2006,2006 FIFA Men's World Cup,GROUP B,Trinidad & Tobago,T-76,3,0,1,2,0,6,-6,1,,,,,,,,,
2006,2006 FIFA Men's World Cup,GROUP C,Argentina,T-3,3,2,1,0,8,1,7,7,,,,,,,,,
2006,2006 FIFA Men's World Cup,GROUP C,Netherlands,T-47,3,2,1,0,3,1,2,7,,,,,,,,,
2006,2006 FIFA Men's World Cup,GROUP C,Ivory Coast,T-41,3,1,0,2,5,6,-1,3,,,,,,,,,
2006,2006 FIFA Men's World Cup,GROUP C,Serbia & Montenegro,T-66,3,0,0,3,2,10,-8,0,,,,,,,,,
2006,2006 FIFA Men's World Cup,GROUP D,Portugal,T-57,3,3,0,0,5,1,4,9,,,,,,,,,
2006,2006 FIFA Men's World Cup,GROUP D,Mexico,T-45,3,1,1,1,4,2,2,4,,,,,,,,,
2006,2006 FIFA Men's World Cup,GROUP D,Angola,T-2,3,0,2,1,1,2,-1,2,,,,,,,,,
2006,2006 FIFA Men's World Cup,GROUP D,Iran,T-36,3,0,1,2,3,6,-3,1,,,,,,,,,
2006,2006 FIFA Men's World Cup,GROUP E,Italy,T-40,3,2,1,0,5,1,4,7,,,,,,,,,
2006,2006 FIFA Men's World Cup,GROUP E,Ghana,T-30,3,2,0,1,4,3,1,6,,,,,,,,,
2006,2006 FIFA Men's World Cup,GROUP E,CZECHIA,T-19,3,1,0,2,3,4,-1,3,,,,,,,,,
2006,2006 FIFA Men's World Cup,GROUP E,UNITED STATES,T-81,3,0,1,2,2,6,-4,1,,,,,,,,,
2006,2006 FIFA Men's World Cup,GROUP F,Brazil,T-9,3,3,0,0,7,1,6,9,,,,,,,,,
2006,2006 FIFA Men's World Cup,GROUP F,Australia,T-4,3,1,1,1,5,5,0,4,,,,,,,,,
2006,2006 FIFA Men's World Cup,GROUP F,Croatia,T-17,3,0,2,1,2,3,-1,2,,,,,,,,,
2006,2006 FIFA Men's World Cup,GROUP F,Japan,T-43,3,0,1,2,2,7,-5,1,,,,,,,,,
2006,2006 FIFA Men's World Cup,GROUP G,Switzerland,T-74,3,2,1,0,4,0,4,7,,,,,,,,,
2006,2006 FIFA Men's World Cup,GROUP G,France,T-28,3,1,2,0,3,2,1,5,,,,,,,,,
2006,2006 FIFA Men's World Cup,GROUP G,South Korea,T-70,3,1,1,1,3,4,-1,4,,,,,,,,,
2006,2006 FIFA Men's World Cup,GROUP G,Togo,T-75,3,0,0,3,1,5,-4,0,,,,,,,,,
2006,2006 FIFA Men's World Cup,GROUP H,Spain,T-72,3,3,0,0,8,4,4,9,,,,,,,,,
2006,2006 FIFA Men's World Cup,GROUP H,Ukraine,T-79,3,2,0,1,5,4,1,6,,,,,,,,,
2006,2006 FIFA Men's World Cup,GROUP H,Tunisia,T-77,3,0,1,2,3,6,-3,1,,,,,,,,,
2006,2006 FIFA Men's World Cup,GROUP H,Saudi Arabia,T-62,3,0,1,2,2,7,-5,1,,,,,,,,,
2010,2010 FIFA Men's World Cup,GROUP A,Uruguay,T-82,3,2,1,0,4,0,4,7,,,,,,,,,
2010,2010 FIFA Men's World Cup,GROUP A,Mexico,T-45,3,1,1,1,3,2,1,4,,,,,,,,,
2010,2010 FIFA Men's World Cup,GROUP A,South Africa,T-69,3,1,1,1,3,5,-2,4,,,,,,,,,
2010,2010 FIFA Men's World Cup,GROUP A,France,T-28,3,0,1,2,1,4,-3,1,,,,,,,,,
2010,2010 FIFA Men's World Cup,GROUP B,Argentina,T-3,3,3,0,0,7,1,6,9,,,,,,,,,
2010,2010 FIFA Men's World Cup,GROUP B,South Korea,T-70,3,1,1,1,5,6,-1,4,,,,,,,,,
2010,2010 FIFA Men's World Cup,GROUP B,Greece,T-31,3,1,0,2,2,5,-3,3,,,,,,,,,
2010,2010 FIFA Men's World Cup,GROUP B,Nigeria,T-49,3,0,1,2,3,5,-2,1,,,,,,,,,
2010,2010 FIFA Men's World Cup,GROUP C,UNITED STATES,T-81,3,1,2,0,4,3,1,5,,,,,,,,,
2010,2010 FIFA Men's World Cup,GROUP C,England,T-27,3,1,2,0,2,1,1,5,,,,,,,,,
2010,2010 FIFA Men's World Cup,GROUP C,Slovenia,T-68,3,1,1,1,3,3,0,4,,,,,,,,,
2010,2010 FIFA Men's World Cup,GROUP C,Algeria,T-1,3,0,1,2,0,2,-2,1,,,,,,,,,
2010,2010 FIFA Men's World Cup,GROUP D,Germany,T-29,3,2,0,1,5,1,4,6,,,,,,,,,
2010,2010 FIFA Men's World Cup,GROUP D,Ghana,T-30,3,1,1,1,2,2,0,4,,,,,,,,,
2010,2010 FIFA Men's World Cup,GROUP D,Australia,T-4,3,1,1,1,3,6,-3,4,,,,,,,,,
2010,2010 FIFA Men's World Cup,GROUP D,Serbia,T-65,3,1,0,2,2,3,-1,3,,,,,,,,,
2010,2010 FIFA Men's World Cup,GROUP E,Netherlands,T-47,3,3,0,0,5,1,4,9,,,,,,,,,
2010,2010 FIFA Men's World Cup,GROUP E,Japan,T-43,3,2,0,1,4,2,2,6,,,,,,,,,
2010,2010 FIFA Men's World Cup,GROUP E,Denmark,T-21,3,1,0,2,3,6,-3,3,,,,,,,,,
2010,2010 FIFA Men's World Cup,GROUP E,Cameroon,T-11,3,0,0,3,2,5,-3,0,,,,,,,,,
2010,2010 FIFA Men's World Cup,GROUP F,Paraguay,T-54,3,1,2,0,3,1,2,5,,,,,,,,,
2010,2010 FIFA Men's World Cup,GROUP F,Slovakia,T-67,3,1,1,1,5,5,0,4,,,,,,,,,
2010,2010 FIFA Men's World Cup,GROUP F,New Zealand,T-48,3,0,3,0,2,2,0,3,,,,,,,,,
2010,2010 FIFA Men's World Cup,GROUP F,Italy,T-40,3,0,2,1,4,5,-1,2,,,,,,,,,
2010,2010 FIFA Men's World Cup,GROUP G,Brazil,T-9,3,2,1,0,5,2,3,7,,,,,,,,,
2010,2010 FIFA Men's World Cup,GROUP G,Portugal,T-57,3,1,2,0,7,0,7,5,,,,,,,,,
2010,2010 FIFA Men's World Cup,GROUP G,Ivory Coast,T-41,3,1,1,1,4,3,1,4,,,,,,,,,
2010,2010 FIFA Men's World Cup,GROUP G,North Korea,T-50,3,0,0,3,1,12,-11,0,,,,,,,,,
2010,2010 FIFA Men's World Cup,GROUP H,Spain,T-72,3,2,0,1,4,2,2,6,,,,,,,,,
2010,2010 FIFA Men's World Cup,GROUP H,Chile,T-13,3,2,0,1,3,2,1,6,,,,,,,,,
2010,2010 FIFA Men's World Cup,GROUP H,Switzerland,T-74,3,1,1,1,1,1,0,4,,,,,,,,,
2010,2010 FIFA Men's World Cup,GROUP H,Honduras,T-33,3,0,1,2,0,3,-3,1,,,,,,,,,
2014,2014 FIFA Men's World Cup,GROUP A,Brazil,T-9,3,2,1,0,7,2,5,7,,,,,,,,,
2014,2014 FIFA Men's World Cup,GROUP A,Mexico,T-45,3,2,1,0,4,1,3,7,,,,,,,,,
2014,2014 FIFA Men's World Cup,GROUP A,Croatia,T-17,3,1,0,2,6,6,0,3,,,,,,,,,
2014,2014 FIFA Men's World Cup,GROUP A,Cameroon,T-11,3,0,0,3,1,9,-8,0,,,,,,,,,
2014,2014 FIFA Men's World Cup,GROUP B,Netherlands,T-47,3,3,0,0,10,3,7,9,,,,,,,,,
2014,2014 FIFA Men's World Cup,GROUP B,Chile,T-13,3,2,0,1,5,3,2,6,,,,,,,,,
2014,2014 FIFA Men's World Cup,GROUP B,Spain,T-72,3,1,0,2,4,7,-3,3,,,,,,,,,
2014,2014 FIFA Men's World Cup,GROUP B,Australia,T-4,3,0,0,3,3,9,-6,0,,,,,,,,,
2014,2014 FIFA Men's World Cup,GROUP C,Colombia,T-15,3,3,0,0,9,2,7,9,,,,,,,,,
2014,2014 FIFA Men's World Cup,GROUP C,Greece,T-31,3,1,1,1,2,4,-2,4,,,,,,,,,
2014,2014 FIFA Men's World Cup,GROUP C,Ivory Coast,T-41,3,1,0,2,4,5,-1,3,,,,,,,,,
2014,2014 FIFA Men's World Cup,GROUP C,Japan,T-43,3,0,1,2,2,6,-4,1,,,,,,,,,
2014,2014 FIFA Men's World Cup,GROUP D,Costa Rica,T-16,3,2,1,0,4,1,3,7,,,,,,,,,
2014,2014 FIFA Men's World Cup,GROUP D,Uruguay,T-82,3,2,0,1,4,4,0,6,,,,,,,,,
2014,2014 FIFA Men's World Cup,GROUP D,Italy,T-40,3,1,0,2,2,3,-1,3,,,,,,,,,
2014,2014 FIFA Men's World Cup,GROUP D,England,T-27,3,0,1,2,2,4,-2,1,,,,,,,,,
2014,2014 FIFA Men's World Cup,GROUP E,France,T-28,3,2,1,0,8,2,6,7,,,,,,,,,
2014,2014 FIFA Men's World Cup,GROUP E,Switzerland,T-74,3,2,0,1,7,6,1,6,,,,,,,,,
2014,2014 FIFA Men's World Cup,GROUP E,Ecuador,T-24,3,1,1,1,3,3,0,4,,,,,,,,,
2014,2014 FIFA Men's World Cup,GROUP E,Honduras,T-33,3,0,0,3,1,9,-8,0,,,,,,,,,
2014,2014 FIFA Men's World Cup,GROUP F,Argentina,T-3,3,3,0,0,6,3,3,9,,,,,,,,,
2014,2014 FIFA Men's World Cup,GROUP F,Nigeria,T-49,3,1,1,1,3,3,0,4,,,,,,,,,
2014,2014 FIFA Men's World Cup,GROUP F,Bosnia & Herzegovina,T-8,3,1,0,2,4,4,0,3,,,,,,,,,
2014,2014 FIFA Men's World Cup,GROUP F,Iran,T-36,3,0,1,2,1,4,-3,1,,,,,,,,,
2014,2014 FIFA Men's World Cup,GROUP G,Germany,T-29,3,2,1,0,7,2,5,7,,,,,,,,,
2014,2014 FIFA Men's World Cup,GROUP G,UNITED STATES,T-81,3,1,1,1,4,4,0,4,,,,,,,,,
2014,2014 FIFA Men's World Cup,GROUP G,Portugal,T-57,3,1,1,1,4,7,-3,4,,,,,,,,,
2014,2014 FIFA Men's World Cup,GROUP G,Ghana,T-30,3,0,2,1,4,6,-2,2,,,,,,,,,
2014,2014 FIFA Men's World Cup,GROUP H,Belgium,T-6,3,3,0,0,4,1,3,9,,,,,,,,,
2014,2014 FIFA Men's World Cup,GROUP H,Algeria,T-1,3,1,1,1,6,5,1,4,,,,,,,,,
2014,2014 FIFA Men's World Cup,GROUP H,Russia,T-61,3,0,2,1,2,3,-1,2,,,,,,,,,
2014,2014 FIFA Men's World Cup,GROUP H,South Korea,T-70,3,0,1,2,3,6,-3,1,,,,,,,,,
2018,2018 FIFA Men's World Cup,GROUP A,Uruguay,T-82,3,3,0,0,5,0,5,9,,,,,,,,,
2018,2018 FIFA Men's World Cup,GROUP A,Russia,T-61,3,2,0,1,8,4,4,6,,,,,,,,,
2018,2018 FIFA Men's World Cup,GROUP A,Saudi Arabia,T-62,3,1,0,2,2,7,-5,3,,,,,,,,,
2018,2018 FIFA Men's World Cup,GROUP A,Egypt,T-25,3,0,0,3,2,6,-4,0,,,,,,,,,
2018,2018 FIFA Men's World Cup,GROUP B,Spain,T-72,3,1,2,0,6,5,1,5,,,,,,,,,
2018,2018 FIFA Men's World Cup,GROUP B,Portugal,T-57,3,1,2,0,5,4,1,5,,,,,,,,,
2018,2018 FIFA Men's World Cup,GROUP B,Iran,T-36,3,1,1,1,2,2,0,4,,,,,,,,,
2018,2018 FIFA Men's World Cup,GROUP B,Morocco,T-46,3,0,1,2,2,4,-2,1,,,,,,,,,
2018,2018 FIFA Men's World Cup,GROUP C,France,T-28,3,2,1,0,3,1,2,7,,,,,,,,,
2018,2018 FIFA Men's World Cup,GROUP C,Denmark,T-21,3,1,2,0,2,1,1,5,,,,,,,,,
2018,2018 FIFA Men's World Cup,GROUP C,Peru,T-55,3,1,0,2,2,2,0,3,,,,,,,,,
2018,2018 FIFA Men's World Cup,GROUP C,Australia,T-4,3,0,1,2,2,5,-3,1,,,,,,,,,
2018,2018 FIFA Men's World Cup,GROUP D,Croatia,T-17,3,3,0,0,7,1,6,9,,,,,,,,,
2018,2018 FIFA Men's World Cup,GROUP D,Argentina,T-3,3,1,1,1,3,5,-2,4,,,,,,,,,
2018,2018 FIFA Men's World Cup,GROUP D,Nigeria,T-49,3,1,0,2,3,4,-1,3,,,,,,,,,
2018,2018 FIFA Men's World Cup,GROUP D,Iceland,T-35,3,0,1,2,2,5,-3,1,,,,,,,,,
2018,2018 FIFA Men's World Cup,GROUP E,Brazil,T-9,3,2,1,0,5,1,4,7,,,,,,,,,
2018,2018 FIFA Men's World Cup,GROUP E,Switzerland,T-74,3,1,2,0,5,4,1,5,,,,,,,,,
2018,2018 FIFA Men's World Cup,GROUP E,Serbia,T-65,3,1,0,2,2,4,-2,3,,,,,,,,,
2018,2018 FIFA Men's World Cup,GROUP E,Costa Rica,T-16,3,0,1,2,2,5,-3,1,,,,,,,,,
2018,2018 FIFA Men's World Cup,GROUP F,Sweden,T-73,3,2,0,1,5,2,3,6,,,,,,,,,
2018,2018 FIFA Men's World Cup,GROUP F,Mexico,T-45,3,2,0,1,3,4,-1,6,,,,,,,,,
2018,2018 FIFA Men's World Cup,GROUP F,South Korea,T-70,3,1,0,2,3,3,0,3,,,,,,,,,
2018,2018 FIFA Men's World Cup,GROUP F,Germany,T-29,3,1,0,2,2,4,-2,3,,,,,,,,,
2018,2018 FIFA Men's World Cup,GROUP G,Belgium,T-6,3,3,0,0,9,2,7,9,,,,,,,,,
2018,2018 FIFA Men's World Cup,GROUP G,England,T-27,3,2,0,1,8,3,5,6,,,,,,,,,
2018,2018 FIFA Men's World Cup,GROUP G,Tunisia,T-77,3,1,0,2,5,8,-3,3,,,,,,,,,
2018,2018 FIFA Men's World Cup,GROUP G,Panama,T-53,3,0,0,3,2,11,-9,0,,,,,,,,,
2018,2018 FIFA Men's World Cup,GROUP H,Colombia,T-15,3,2,0,1,5,2,3,6,,,,,,,,,
2018,2018 FIFA Men's World Cup,GROUP H,Japan,T-43,3,1,1,1,4,4,0,4,,,,,,,,,
2018,2018 FIFA Men's World Cup,GROUP H,Senegal,T-64,3,1,1,1,4,4,0,4,,,,,,,,,
2018,2018 FIFA Men's World Cup,GROUP H,Poland,T-56,3,1,0,2,2,5,-3,3,,,,,,,,,
2022,2022 FIFA Men's World Cup,GROUP A,Netherlands,T-47,3,2,1,0,5,1,4,7,,,,,,,,,
2022,2022 FIFA Men's World Cup,GROUP A,Senegal,T-64,3,2,0,1,5,4,1,6,,,,,,,,,
2022,2022 FIFA Men's World Cup,GROUP A,Ecuador,T-24,3,1,1,1,4,3,1,4,,,,,,,,,
2022,2022 FIFA Men's World Cup,GROUP A,Qatar,T-58,3,0,0,3,1,7,-6,0,,,,,,,,,
2022,2022 FIFA Men's World Cup,GROUP B,England,T-27,3,2,1,0,9,2,7,7,,,,,,,,,
2022,2022 FIFA Men's World Cup,GROUP B,UNITED STATES,T-81,3,1,2,0,2,1,1,5,,,,,,,,,
2022,2022 FIFA Men's World Cup,GROUP B,Iran,T-36,3,1,0,2,4,6,-2,3,,,,,,,,,
2022,2022 FIFA Men's World Cup,GROUP B,Wales,T-84,3,0,1,2,1,6,-5,1,,,,,,,,,
2022,2022 FIFA Men's World Cup,GROUP C,Argentina,T-3,3,2,0,1,5,2,3,6,,,,,,,,,
2022,2022 FIFA Men's World Cup,GROUP C,Poland,T-56,3,1,1,1,2,2,0,4,,,,,,,,,
2022,2022 FIFA Men's World Cup,GROUP C,Mexico,T-45,3,1,1,1,2,3,-1,4,,,,,,,,,
2022,2022 FIFA Men's World Cup,GROUP C,Saudi Arabia,T-62,3,1,0,2,3,5,-2,3,,,,,,,,,
2022,2022 FIFA Men's World Cup,GROUP D,France,T-28,3,2,0,1,6,3,3,6,,,,,,,,,
2022,2022 FIFA Men's World Cup,GROUP D,Australia,T-4,3,2,0,1,4,4,0,6,,,,,,,,,
2022,2022 FIFA Men's World Cup,GROUP D,Tunisia,T-77,3,1,1,1,1,1,0,4,,,,,,,,,
2022,2022 FIFA Men's World Cup,GROUP D,Denmark,T-21,3,0,1,2,1,3,-2,1,,,,,,,,,
2022,2022 FIFA Men's World Cup,GROUP E,Japan,T-43,3,2,0,1,4,3,1,6,,,,,,,,,
2022,2022 FIFA Men's World Cup,GROUP E,Spain,T-72,3,1,1,1,9,3,6,4,,,,,,,,,
2022,2022 FIFA Men's World Cup,GROUP E,Germany,T-29,3,1,1,1,6,5,1,4,,,,,,,,,
2022,2022 FIFA Men's World Cup,GROUP E,Costa Rica,T-16,3,1,0,2,3,11,-8,3,,,,,,,,,
2022,2022 FIFA Men's World Cup,GROUP F,Morocco,T-46,3,2,1,0,4,1,3,7,,,,,,,,,
2022,2022 FIFA Men's World Cup,GROUP F,Croatia,T-17,3,1,2,0,4,1,3,5,,,,,,,,,
2022,2022 FIFA Men's World Cup,GROUP F,Belgium,T-6,3,1,1,1,1,2,-1,4,,,,,,,,,
2022,2022 FIFA Men's World Cup,GROUP F,Canada,T-12,3,0,0,3,2,7,-5,0,,,,,,,,,
2022,2022 FIFA Men's World Cup,GROUP G,Brazil,T-9,3,2,0,1,3,1,2,6,,,,,,,,,
2022,2022 FIFA Men's World Cup,GROUP G,Switzerland,T-74,3,2,0,1,4,3,1,6,,,,,,,,,
2022,2022 FIFA Men's World Cup,GROUP G,Cameroon,T-11,3,1,1,1,4,4,0,4,,,,,,,,,
2022,2022 FIFA Men's World Cup,GROUP G,Serbia,T-65,3,0,1,2,5,8,-3,1,,,,,,,,,
2022,2022 FIFA Men's World Cup,GROUP H,Portugal,T-57,3,2,0,1,6,4,2,6,,,,,,,,,
2022,2022 FIFA Men's World Cup,GROUP H,South Korea,T-70,3,1,1,1,4,4,0,4,,,,,,,,,
2022,2022 FIFA Men's World Cup,GROUP H,Uruguay,T-82,3,1,1,1,2,2,0,4,,,,,,,,,
2022,2022 FIFA Men's World Cup,GROUP H,Ghana,T-30,3,1,0,2,5,7,-2,3,,,,,,,,,
